objid,ra,dec,u,g,r,i,z,field,specobjid,class,redshift,plate,mjd,fiberid
1.23765E+18,94.5030469,0.475851472,18.96574,17.49392,16.80027,16.5846,16.32055,357,1.41755E+18,STAR,2.16E-05,1259,52931,166
1.23765E+18,94.51335469,0.566978918,18.8781,17.18946,16.36462,16.03709,15.80739,357,1.41756E+18,STAR,0.000102055,1259,52931,171
1.23765E+18,94.59731098,0.5008192,18.80745,17.31809,17.08153,17.01195,16.92199,358,1.41756E+18,STAR,0.000251916,1259,52931,173
1.23765E+18,94.66229345,0.559812995,17.9974,16.56571,16.34072,16.27827,16.17252,358,1.41755E+18,STAR,0.000176504,1259,52931,158
1.23765E+18,94.53828779,0.581610869,19.4468,17.49869,16.64163,16.32379,16.10441,358,1.41756E+18,STAR,0.00015113,1259,52931,172
1.23765E+18,94.75659566,0.545980639,18.39291,16.89005,16.64779,16.57342,16.45864,359,1.41755E+18,STAR,0.000184656,1259,52931,159
1.23765E+18,94.75952303,0.489206289,17.41394,15.82041,15.54785,15.44004,15.32297,359,1.41755E+18,STAR,0.000154103,1259,52931,150
1.23765E+18,94.78157627,0.469236414,17.92325,16.08336,15.24429,14.97743,14.68391,359,1.41755E+18,STAR,0.000165467,1259,52931,157
1.23765E+18,94.80144598,0.480031064,18.00599,16.59239,15.96268,15.68571,15.48704,359,1.41755E+18,STAR,0.000248549,1259,52931,148
1.23765E+18,94.68555372,0.597225491,19.17918,17.62022,16.81505,16.45292,16.17883,359,1.41755E+18,STAR,0.000198203,1259,52931,145
1.23765E+18,94.82660781,0.511579298,17.24014,15.74588,15.49622,15.42726,15.36728,360,1.41755E+18,STAR,0.000153377,1259,52931,160
1.23765E+18,94.88321239,0.528810616,19.06549,17.41749,17.04866,16.9136,16.79453,360,1.41755E+18,STAR,0.000161408,1259,52931,153
1.23765E+18,94.9372491,0.426849838,16.83226,15.54497,15.32333,15.29553,15.22289,360,1.41755E+18,STAR,6.81E-05,1259,52931,154
1.23765E+18,94.95027439,0.490993466,18.60203,17.0015,16.70114,16.58815,16.47389,360,1.41754E+18,STAR,0.000191419,1259,52931,121
1.23765E+18,94.98627545,0.462755208,19.01501,17.34647,17.01908,16.88875,16.76277,361,1.41754E+18,STAR,0.000158814,1259,52931,122
1.23765E+18,95.00262841,0.43915517,18.96944,17.39834,17.09692,16.97927,16.86172,361,1.41755E+18,STAR,0.000248772,1259,52931,136
1.23765E+18,95.23848776,0.522283042,18.50328,16.80843,16.37821,16.19013,16.00962,362,1.41755E+18,STAR,4.41E-06,1259,52931,138
1.23765E+18,95.38906714,0.578667738,19.26527,17.52949,17.07929,16.89643,16.70403,363,1.41764E+18,STAR,0.000154012,1259,52931,477
1.23765E+18,95.43095446,0.514858133,18.69613,17.11757,16.72629,16.55408,16.39483,364,1.41753E+18,STAR,0.000153275,1259,52931,97
1.23765E+18,95.46312348,0.423128146,18.58406,17.00747,16.70864,16.62575,16.49165,364,1.41753E+18,STAR,0.00020581,1259,52931,98
1.23765E+18,95.48373556,0.528364761,19.10814,17.47881,16.89779,16.6436,16.50154,364,1.41764E+18,STAR,0.000179562,1259,52931,490
1.23765E+18,95.48341442,0.561495603,19.49383,17.83158,17.28235,17.0308,16.85097,364,1.41764E+18,STAR,0.000114571,1259,52931,486
1.23765E+18,95.54443399,0.42039417,18.66563,17.22367,16.95071,16.85968,16.81009,364,1.41753E+18,STAR,0.00013976,1259,52931,95
1.23765E+18,95.55117971,0.594169266,17.25711,15.61862,15.26411,15.12534,15.23013,364,1.41764E+18,STAR,0.000228585,1259,52931,491
1.23765E+18,95.4961657,0.588381202,19.45985,17.74878,17.23679,17.00379,16.80161,364,1.41764E+18,STAR,0.0001166,1259,52931,485
1.23765E+18,95.59307985,0.519759329,18.95968,17.4355,17.08788,16.93121,16.77718,365,1.41766E+18,STAR,0.000194675,1259,52931,537
1.23765E+18,95.62871624,0.552083069,18.25908,16.96885,16.6038,16.46867,16.32395,365,1.41766E+18,STAR,0.000225927,1259,52931,540
1.23765E+18,95.67813466,0.45029514,18.32321,16.6338,16.23536,16.06621,15.9324,365,1.41766E+18,STAR,0.000130363,1259,52931,536
1.23765E+18,95.68718817,0.568587039,18.63447,16.81266,16.2981,16.07833,15.87862,365,1.41766E+18,STAR,0.000105469,1259,52931,535
1.23765E+18,95.8435402,0.560050033,18.25515,16.49706,15.61909,15.16848,14.88882,366,1.41765E+18,STAR,0.000224093,1259,52931,532
1.23765E+18,95.95550246,0.420125114,17.36212,15.9069,15.5216,15.35418,15.20343,367,1.41766E+18,STAR,0.000147929,1259,52931,538
1.23765E+18,96.00814084,0.520645978,18.6527,17.6822,19.21713,16.95719,16.39001,367,1.41766E+18,STAR,0.000202467,1259,52931,563
1.23765E+18,96.02778999,0.509547309,17.27788,15.63853,15.29246,15.15025,15.025,368,1.41766E+18,STAR,0.0001915,1259,52931,564
1.23765E+18,96.02902532,0.589748098,17.61158,15.86968,15.39163,15.18249,15.02199,368,1.41766E+18,STAR,0.000112192,1259,52931,565
1.23765E+18,96.03670489,0.468477889,18.80263,17.18342,16.77893,16.59879,16.44357,368,1.41766E+18,STAR,0.000116434,1259,52931,567
1.23765E+18,96.03725194,0.558609201,18.79584,17.11262,16.69115,16.51002,16.334,368,1.41767E+18,STAR,0.000115339,1259,52931,579
1.23765E+18,96.04887964,0.58053795,17.75344,16.01047,15.51287,15.29505,15.12461,368,1.41766E+18,STAR,0.000112864,1259,52931,568
1.23765E+18,96.11593892,0.569639575,18.93719,16.56962,15.48036,15.06133,14.81821,368,1.41767E+18,STAR,0.000117932,1259,52931,578
1.23765E+18,96.12203901,0.522093903,17.64937,15.97161,15.56323,15.38022,15.24003,368,1.41767E+18,STAR,0.00021012,1259,52931,574
1.23765E+18,96.12947402,0.463706637,17.80049,16.07006,15.59613,15.39318,15.23292,368,1.41767E+18,STAR,0.000140518,1259,52931,580
1.23765E+18,96.16808772,0.523330492,17.59094,15.94305,15.5397,15.36399,15.19598,368,1.41767E+18,STAR,8.05E-05,1259,52931,602
1.23765E+18,96.0625995,0.438141353,19.5185,17.76141,17.28286,17.06664,16.90568,368,1.41767E+18,STAR,0.000133656,1259,52931,573
1.23765E+18,96.13386716,0.489714414,19.35614,17.61792,17.14062,16.90602,16.75252,368,1.41767E+18,STAR,5.84E-05,1259,52931,577
1.23765E+18,96.20762835,0.525075427,17.98662,16.31779,15.93669,15.77361,15.65163,369,1.41768E+18,STAR,0.000124589,1259,52931,613
1.23765E+18,96.2143319,0.548006885,18.97108,17.36816,17.00725,16.84802,16.69489,369,1.41768E+18,STAR,0.000180221,1259,52931,609
1.23765E+18,96.21868127,0.501829753,17.8195,16.23672,15.8719,15.69587,15.52072,369,1.41768E+18,STAR,8.24E-05,1259,52931,620
1.23765E+18,96.22423354,0.579467037,18.17291,16.53512,16.09147,15.95605,15.76946,369,1.41768E+18,STAR,0.000180602,1259,52931,619
1.23765E+18,96.23489839,0.423975693,17.25586,15.61591,15.23917,15.08549,14.96183,369,1.41768E+18,STAR,-7.22E-06,1259,52931,612
1.23765E+18,96.2904043,0.514425428,18.98555,17.5356,16.88702,16.57191,16.35599,369,1.41767E+18,STAR,-3.10E-05,1259,52931,603
1.23765E+18,96.30331123,0.573874421,18.77757,17.19927,16.88318,16.74328,16.62185,369,1.41767E+18,STAR,0.000147034,1259,52931,604
1.23765E+18,96.31548469,0.492193177,18.74846,17.1299,16.80702,16.66729,16.58632,369,1.41768E+18,STAR,4.68E-05,1259,52931,614
1.23765E+18,96.34636316,0.544492547,18.30842,16.74553,16.13087,15.86162,15.67015,370,1.41768E+18,STAR,-5.98E-06,1259,52931,615
1.23765E+18,94.10025982,0.887737734,17.80895,16.50277,16.38258,16.38958,16.3496,355,1.41761E+18,STAR,0.000156526,1259,52931,370
1.23765E+18,94.17779515,0.89113126,17.69851,16.2152,16.04205,16.00999,15.95449,355,1.41761E+18,STAR,0.000158071,1259,52931,371
1.23765E+18,94.23406952,0.851906072,18.52553,17.03238,16.85107,16.81772,16.75011,356,1.41761E+18,STAR,0.000164379,1259,52931,366
1.23765E+18,94.3816607,0.942048617,17.68669,16.2624,16.12234,16.09487,16.03698,357,1.41761E+18,STAR,0.000256182,1259,52931,365
1.23765E+18,94.40986946,0.934068419,18.83441,17.30827,17.13613,17.08087,17.01908,357,1.41761E+18,STAR,0.00011246,1259,52931,368
1.23765E+18,94.43369022,0.972052207,18.79271,17.0423,16.26496,15.91869,15.74185,357,1.41761E+18,STAR,0.000136887,1259,52931,380
1.23765E+18,94.4436366,0.852922386,18.438,16.98621,16.83219,16.81224,16.79249,357,1.41761E+18,STAR,0.000143677,1259,52931,379
1.23765E+18,94.49881867,0.989660893,18.09839,16.7229,16.13046,15.87395,15.6924,357,1.41761E+18,STAR,1.95E-05,1259,52931,375
1.23765E+18,94.51833361,0.839123718,18.66632,17.20002,17.04716,17.02973,16.97475,357,1.41762E+18,STAR,0.000194125,1259,52931,417
1.23765E+18,94.48065021,1.002059155,19.42064,17.82483,17.0706,16.7584,16.54133,357,1.41761E+18,STAR,0.00028203,1259,52931,362
1.23765E+18,94.53174785,0.92883193,17.79365,16.34339,15.96839,16.11843,15.72173,358,1.41762E+18,STAR,8.40E-05,1259,52931,412
1.23765E+18,94.53207616,0.877230173,17.60406,16.05053,15.6941,15.82955,15.44363,358,1.41762E+18,STAR,8.80E-05,1259,52931,414
1.23765E+18,94.5704586,0.997188229,18.69618,17.23645,16.63734,16.35796,16.14807,358,1.41762E+18,STAR,0.000252992,1259,52931,409
1.23765E+18,94.57799762,0.877346809,18.28783,16.75007,16.42278,16.31002,16.22085,358,1.41762E+18,STAR,0.000130438,1259,52931,419
1.23765E+18,94.59326567,0.948959742,19.05359,17.62755,17.16829,16.96772,16.8418,358,1.41762E+18,STAR,9.68E-05,1259,52931,407
1.23765E+18,94.60407355,0.925177408,17.9441,16.4345,15.99379,15.80487,15.69043,358,1.41762E+18,STAR,5.41E-05,1259,52931,403
1.23765E+18,94.63698134,0.974962988,17.14729,15.61818,15.41421,15.62225,15.27046,358,1.4176E+18,GALAXY,0,1259,52931,329
1.23765E+18,94.67949899,0.84232101,18.47695,16.94897,16.68126,16.59887,16.51747,359,1.41763E+18,STAR,0.000206783,1259,52931,451
1.23765E+18,94.81361725,0.86415916,16.59753,15.22174,14.99648,14.93687,14.85173,359,1.41763E+18,STAR,0.000152118,1259,52931,457
1.23765E+18,94.81333019,0.980798043,17.26491,16.00246,15.79299,15.68303,15.66872,359,1.41763E+18,STAR,0.000156835,1259,52931,442
1.23765E+18,94.86108244,0.898412512,19.07524,17.7593,16.9488,16.63678,16.42654,360,1.41763E+18,STAR,0.000248952,1259,52931,460
1.23765E+18,94.87250989,0.838282237,17.95106,16.34713,15.94763,15.79226,15.67866,360,1.41763E+18,STAR,7.65E-05,1259,52931,453
1.23765E+18,94.88388704,0.990685512,17.03847,15.47224,15.10297,14.97051,14.88297,360,1.41763E+18,STAR,1.18E-05,1259,52931,448
1.23765E+18,94.91536686,0.9453789,18.39684,16.85855,16.57424,16.48492,16.37063,360,1.41763E+18,STAR,0.000135536,1259,52931,449
1.23765E+18,95.03872676,0.908545742,18.90392,17.22835,16.88944,16.76901,16.66028,361,1.41764E+18,STAR,0.000183509,1259,52931,476
1.23765E+18,95.09141121,0.963893844,18.87002,17.05878,16.19566,15.7946,15.59423,361,1.41764E+18,STAR,0.000112947,1259,52931,473
1.23765E+18,95.06938207,0.967119305,18.74394,17.15325,16.83968,16.71426,16.59256,361,1.41764E+18,STAR,0.000138719,1259,52931,472
1.23765E+18,95.22195049,0.868323529,18.73745,17.17706,16.44903,16.12138,15.88933,362,1.41764E+18,STAR,0.000105119,1259,52931,470
1.23765E+18,95.22612606,0.957250973,19.06613,17.34293,16.72245,16.43074,16.22178,362,1.41764E+18,STAR,7.16E-05,1259,52931,467
1.23765E+18,95.22817945,0.891174873,18.6706,16.99171,16.56165,16.38384,16.19722,362,1.41764E+18,STAR,0.000142677,1259,52931,462
1.23765E+18,95.24288661,0.970593396,17.70423,15.86547,15.29097,15.01794,14.82418,362,1.41764E+18,STAR,0.000118005,1259,52931,463
1.23765E+18,95.27004116,0.858987207,18.66571,16.94823,16.53554,16.35474,16.18672,362,1.41764E+18,STAR,0.000162816,1259,52931,478
1.23765E+18,95.18280024,1.005300967,19.22186,17.43544,16.93804,16.69567,16.53674,362,1.41763E+18,STAR,8.16E-05,1259,52931,461
1.23765E+18,95.26604852,0.940066574,19.25114,17.48392,16.90086,16.62302,16.42503,362,1.41764E+18,STAR,0.000129977,1259,52931,471
1.23765E+18,95.28709856,0.966918446,18.84067,17.15699,16.6308,16.37362,16.20866,363,1.41764E+18,STAR,7.42E-05,1259,52931,484
1.23765E+18,95.29936364,0.890374688,18.72799,17.11779,16.48396,16.15507,15.94641,363,1.41764E+18,STAR,8.63E-05,1259,52931,492
1.23765E+18,95.39234187,0.919354746,17.47349,15.74609,15.22986,15.0143,14.84528,363,1.41764E+18,STAR,7.75E-05,1259,52931,494
1.23765E+18,95.41001161,0.838141218,17.91277,16.32434,15.58422,15.25003,15.03421,363,1.41765E+18,STAR,0.000184754,1259,52931,499
1.23765E+18,95.47824954,0.842532115,18.74132,17.29397,16.92432,16.83919,16.63634,364,1.41764E+18,STAR,0.000157831,1259,52931,483
1.23765E+18,95.48751035,0.925311898,18.73705,17.06851,16.68374,16.52062,16.36351,364,1.41764E+18,STAR,0.000131164,1259,52931,481
1.23765E+18,95.50218783,0.96326345,17.76895,16.28859,15.89664,15.73424,15.52795,364,1.41765E+18,STAR,0.000173668,1259,52931,531
1.23765E+18,95.52951638,0.970692871,18.14242,16.30503,15.76425,15.50117,15.26982,364,1.41765E+18,STAR,9.75E-05,1259,52931,524
1.23765E+18,95.46069815,0.870409418,19.31363,17.59785,17.14318,16.95871,16.77838,364,1.41764E+18,STAR,0.000147664,1259,52931,489
1.23765E+18,95.57189081,0.953216651,18.65735,17.15746,16.70656,16.49734,16.32541,365,1.41765E+18,STAR,0.000184008,1259,52931,522
1.23765E+18,95.57633497,0.988936063,18.23109,16.5295,16.04592,15.82595,15.61837,365,1.41765E+18,STAR,0.000124007,1259,52931,530
1.23765E+18,95.66534099,0.880276948,18.3962,16.77513,16.34279,16.14446,15.98003,365,1.41765E+18,STAR,0.000216307,1259,52931,521
1.23765E+18,95.69895541,0.975633624,18.94802,17.21039,16.73198,16.487,16.31816,365,1.41765E+18,STAR,0.000272126,1259,52931,523
1.23765E+18,95.71152143,0.941153022,19.53724,17.72064,17.18238,16.93931,16.73787,365,1.41765E+18,STAR,0.000150417,1259,52931,529
1.23765E+18,95.73140238,1.001972267,18.11789,16.60105,16.09809,15.879,15.68943,366,1.41765E+18,STAR,0.000323895,1259,52931,525
1.23765E+18,95.73998592,0.861880416,18.01439,16.37078,15.91688,15.71746,15.55174,366,1.41765E+18,STAR,0.000171422,1259,52931,527
1.23765E+18,95.97277603,0.847201351,19.12568,17.28396,16.37393,15.96665,15.7325,367,1.41766E+18,STAR,3.88E-05,1259,52931,570
1.23765E+18,96.12971794,0.996759246,19.06342,17.39516,16.82567,16.55591,16.39878,368,1.41768E+18,STAR,0.000142418,1259,52931,610
1.23765E+18,96.27467404,0.842180394,18.0279,16.33461,15.93053,15.75444,15.63022,369,1.41768E+18,STAR,0.00017429,1259,52931,608
1.23765E+18,96.29467872,0.879354529,17.75707,16.10103,15.67765,15.49004,15.32634,369,1.41767E+18,STAR,2.19E-05,1259,52931,605
1.23765E+18,55.02161608,1.274500757,19.47332,17.17348,16.22887,15.84207,15.59702,276,8.25418E+18,STAR,-5.38E-05,7331,56658,741
1.23765E+18,72.93996834,-0.946746735,18.60869,17.2593,16.75288,16.56083,16.48983,443,8.97347E+17,STAR,0.000285046,797,52263,18
1.23765E+18,83.09738392,-0.840216844,18.00216,16.51429,15.85651,15.55195,15.39107,511,2.31037E+18,STAR,0.000158481,2052,53401,89
1.23765E+18,83.12599866,-0.923496333,18.17068,16.04599,15.22213,14.92224,14.7631,511,2.31037E+18,STAR,2.06E-05,2052,53401,87
1.23765E+18,83.48451277,-0.852578339,19.17518,17.40466,16.63892,16.28806,16.08584,513,2.31036E+18,STAR,0.000273424,2052,53401,50
1.23765E+18,83.55350999,-1.005593974,16.84814,15.45056,14.84045,14.57015,14.44254,514,2.31036E+18,STAR,0.00014794,2052,53401,57
1.23765E+18,81.88216649,-0.603347412,17.83624,16.61213,16.35788,16.27118,16.28676,503,2.31043E+18,STAR,0.000222987,2052,53401,303
1.23765E+18,82.74857571,-0.477925539,18.85306,16.75453,15.80199,15.38145,15.18048,508,2.31041E+18,STAR,6.47E-05,2052,53401,229
1.23765E+18,82.75147789,-0.619038574,18.41981,17.11279,16.5295,16.25244,16.10431,508,2.31041E+18,STAR,3.38E-05,2052,53401,230
1.23765E+18,82.67747226,-0.601515653,19.42872,17.67688,16.75712,16.30523,16.02833,508,2.31042E+18,STAR,0.000125828,2052,53401,272
1.23765E+18,91.15440024,-0.562835999,17.55912,17.66917,18.09343,18.3891,18.71067,565,1.40632E+18,STAR,-0.000234223,1249,54484,269
1.23765E+18,71.48356144,-0.072018737,19.57714,19.92393,20.3055,20.62263,20.84769,433,8.97462E+17,STAR,-7.30E-05,797,52263,434
1.23765E+18,71.55960358,-0.067915385,18.5357,17.25237,16.78203,16.60119,16.54325,434,8.97462E+17,STAR,8.57E-05,797,52263,435
1.23765E+18,71.68739779,-0.007231309,18.27782,17.22536,16.87999,16.7393,16.68838,434,8.97471E+17,STAR,-3.55E-06,797,52263,467
1.23765E+18,81.85541849,-0.064043483,17.31778,16.03738,15.89335,15.88645,15.93368,502,2.3104E+18,GALAXY,0,2052,53401,192
1.23765E+18,81.96097593,-0.07710657,17.11362,15.87861,15.48288,15.35026,15.27169,503,2.31043E+18,STAR,2.85E-06,2052,53401,314
1.23765E+18,82.52581376,-0.159594115,17.56254,16.27703,15.92735,15.69758,15.63443,507,2.31042E+18,STAR,0.000143998,2052,53401,266
1.23765E+18,82.75112085,-0.134097209,19.10843,17.22146,16.47985,16.20813,16.0626,508,2.31041E+18,STAR,3.60E-05,2052,53401,237
1.23765E+18,83.27054771,-0.072855841,19.22151,17.90629,17.36145,17.11661,16.97309,512,2.31039E+18,STAR,0.000240744,2052,53401,173
1.23765E+18,83.29139198,-0.045622866,19.0602,17.87524,17.28617,17.03526,16.87956,512,2.31048E+18,STAR,0.000414406,2052,53401,480
1.23765E+18,83.41763548,-0.045805343,17.19197,15.68888,15.07164,14.72227,14.65668,513,2.31039E+18,STAR,0.000117249,2052,53401,171
1.23765E+18,83.4651044,-0.059212065,17.6429,16.19613,15.58324,15.31918,15.16468,513,2.31039E+18,STAR,0.000134486,2052,53401,157
1.23765E+18,83.48715805,-0.02167989,18.39251,17.02003,16.43709,16.18935,16.04589,513,2.31048E+18,STAR,4.89E-05,2052,53401,494
1.23765E+18,83.41759813,-0.115247631,19.4623,18.00237,17.44466,17.18726,17.06655,513,2.31039E+18,STAR,0.000110166,2052,53401,175
1.23765E+18,86.45666573,-0.086512111,19.27971,19.2137,17.71551,18.92219,18.65953,533,8.17073E+18,STAR,5.11E-06,7257,56658,262
1.23765E+18,86.58767792,-0.202594951,18.16801,17.83611,17.15799,16.79025,16.513,534,8.17073E+18,STAR,0.000178696,7257,56658,264
1.23765E+18,87.07052602,-0.189387405,18.29707,19.05436,17.86311,18.62256,17.6707,537,8.17071E+18,GALAXY,0.1815861,7257,56658,183
1.23765E+18,81.12435517,0.396091482,18.69682,17.59565,16.29555,15.03335,14.23506,498,8.17524E+18,STAR,3.52E-05,7261,56603,288
1.23765E+18,81.91358368,0.306012009,17.15502,15.61279,14.92185,15.17435,14.45947,503,2.31044E+18,STAR,0.000268675,2052,53401,349
1.23765E+18,81.96083781,0.307202197,16.26947,15.05878,14.81036,15.46789,14.7172,503,2.31044E+18,STAR,7.79E-05,2052,53401,342
1.23765E+18,81.98106755,0.265165536,15.96662,14.98182,14.67226,17.75138,14.37744,503,2.31044E+18,STAR,-1.16E-05,2052,53401,343
1.23765E+18,81.98492108,0.322918717,18.96279,17.51183,16.7999,16.48147,16.31169,503,2.31044E+18,STAR,4.13E-05,2052,53401,344
1.23765E+18,82.10372889,0.383388667,19.23092,18.05863,17.68201,17.54277,17.52375,504,2.31045E+18,STAR,0.00014456,2052,53401,360
1.23765E+18,82.36983366,0.286222127,17.5366,16.29274,16.33106,16.42324,16.48264,506,2.31046E+18,STAR,-9.21E-05,2052,53401,400
1.23765E+18,82.39257724,0.372613134,18.93509,17.24372,16.54756,16.29378,16.16748,506,2.31045E+18,STAR,9.78E-05,2052,53401,389
1.23765E+18,82.57010442,0.219387654,18.23205,16.41209,15.65359,15.36861,15.22048,507,2.31045E+18,STAR,0.000140728,2052,53401,387
1.23765E+18,82.70535079,0.296069727,17.46067,16.41444,16.04085,15.87154,15.80935,508,2.31045E+18,STAR,0.000513326,2052,53401,390
1.23765E+18,85.48080564,0.289600353,19.38519,17.68079,16.73539,16.20056,15.80572,527,8.1708E+18,GALAXY,0.05318839,7257,56658,519
1.23765E+18,85.59202114,0.370440381,19.56291,18.14799,17.32569,16.7966,16.46201,527,8.1708E+18,GALAXY,0.05301767,7257,56658,515
1.23765E+18,56.48579615,0.8435314,17.98595,16.77582,16.2295,16.00589,15.89195,333,1.83764E+18,STAR,0.000125238,1632,52996,619
1.23765E+18,56.90189437,0.845329738,19.23049,17.21716,16.38172,16.05841,15.88405,336,1.72161E+18,STAR,-0.000201317,1529,52930,396
1.23765E+18,80.22478287,0.834251389,18.12716,16.95737,16.40913,16.18926,16.05978,492,8.17527E+18,STAR,-1.66E-05,7261,56603,412
1.23765E+18,80.34398422,0.830512595,18.35316,17.11153,16.6132,16.39966,16.27895,492,8.17527E+18,STAR,0.000136039,7261,56603,409
1.23765E+18,80.5153817,0.69553319,18.35388,17.29353,16.86982,16.69375,16.61706,493,8.17526E+18,STAR,8.80E-05,7261,56603,368
1.23765E+18,80.60347465,0.753473699,15.83329,12.66507,12.05115,11.88029,13.99853,494,8.17525E+18,STAR,-2.37E-05,7261,56603,333
1.23765E+18,81.29995251,0.732651435,19.3174,18.97724,18.28066,17.8095,17.57444,499,8.17523E+18,QSO,0.2379307,7261,56603,252
1.23765E+18,81.69696824,0.706730632,17.09822,16.03646,15.68712,15.53984,15.48392,501,8.17521E+18,STAR,-0.00038387,7261,56603,174
1.23765E+18,82.37761513,0.655805696,18.51831,17.18312,16.56709,16.29447,16.14258,506,2.31044E+18,STAR,0.000830842,2052,53401,323
1.23765E+18,82.46114966,0.716584479,19.29461,17.58884,16.94533,16.72765,16.60235,506,2.31044E+18,STAR,4.71E-05,2052,53401,339
1.23765E+18,82.56602384,0.780004182,17.78939,16.24967,15.6854,15.31799,15.46821,507,2.31045E+18,STAR,6.84E-05,2052,53401,380
1.23765E+18,82.57005608,0.689758041,18.90158,17.5269,16.85674,16.55443,16.39288,507,2.31045E+18,STAR,0.000463245,2052,53401,374
1.23765E+18,82.57889052,0.674294915,18.94514,18.96804,19.34129,19.5807,19.91593,507,2.33297E+18,STAR,1.76E-05,2072,53430,380
1.23765E+18,82.68198319,0.716214316,19.10958,17.69579,17.04789,16.77481,16.62745,508,2.31045E+18,STAR,-9.38E-05,2052,53401,379
1.23765E+18,82.77523833,0.801605575,16.72386,15.47946,14.93361,14.68833,14.46396,509,2.33297E+18,STAR,-7.16E-06,2072,53430,370
1.23765E+18,82.82426658,0.774300684,17.2571,15.65451,15.13963,14.55403,14.33518,509,2.31045E+18,STAR,0.000631122,2052,53401,370
1.23765E+18,83.21117108,0.708939952,18.58763,17.27563,16.60342,16.3196,16.13949,511,2.31047E+18,STAR,0.001233784,2052,53401,450
1.23765E+18,83.39158411,0.761282299,18.20163,16.9334,16.3319,16.0578,15.90233,513,2.31047E+18,STAR,0.000407628,2052,53401,453
1.23765E+18,83.46643637,0.777610078,19.12162,17.8312,17.42871,17.24813,17.16633,513,2.31049E+18,STAR,-5.65E-05,2052,53401,531
1.23765E+18,83.54103229,0.692807938,16.85,15.56342,15.06483,14.87359,14.7831,514,2.31049E+18,STAR,5.09E-05,2052,53401,536
1.23765E+18,84.14828176,0.642668322,16.38034,15.14228,14.62816,14.41515,14.26009,518,2.31052E+18,STAR,-1.40E-06,2052,53401,613
1.23765E+18,84.22831476,0.704535765,17.2235,16.46866,16.48365,16.55374,16.6224,518,2.31052E+18,STAR,0.00038334,2052,53401,618
1.23765E+18,84.24223285,0.752843508,18.86058,17.23028,16.47231,16.1429,15.9599,518,2.31051E+18,STAR,0.000146413,2052,53401,612
1.23765E+18,84.25290135,0.788275713,17.04257,15.5861,15.6642,14.99645,14.90909,518,2.31051E+18,STAR,0.00018078,2052,53401,602
1.23765E+18,84.35271641,0.671577718,17.95963,16.67808,16.2751,16.1347,16.0455,519,2.31052E+18,STAR,-1.10E-05,2052,53401,617
1.23765E+18,85.70307378,0.672030881,18.62598,17.17277,16.18158,15.61712,15.19083,528,1.40297E+18,GALAXY,0.05184619,1246,54478,377
1.23765E+18,55.54105307,1.266232063,18.05611,16.35564,15.68311,15.43738,15.3242,327,8.2542E+18,STAR,6.50E-05,7331,56658,821
1.23765E+18,80.04816677,1.076806445,16.04134,15.03682,14.63336,14.47409,14.40287,490,8.17529E+18,STAR,0.001031649,7261,56603,463
1.23765E+18,80.08798308,1.082379434,18.15184,16.91889,16.45674,16.28763,16.19976,491,8.17529E+18,STAR,0.000105074,7261,56603,467
1.23765E+18,80.14460389,1.056586392,17.0497,15.89419,15.42523,15.24564,15.32058,491,8.17528E+18,STAR,0.000295822,7261,56603,422
1.23765E+18,80.13512627,1.186679416,18.72321,16.93802,15.9898,15.52462,15.13346,491,8.17529E+18,GALAXY,0.08704335,7261,56603,461
1.23765E+18,80.33558352,1.214414244,18.76831,18.11148,17.58691,17.17667,16.95244,492,8.17527E+18,QSO,1.539758,7261,56603,391
1.23765E+18,80.32843681,1.113562887,19.17434,18.01558,17.47598,17.05881,16.84657,492,8.17526E+18,GALAXY,0.07978687,7261,56603,384
1.23765E+18,80.40102971,1.179089323,17.41985,16.24348,15.79889,15.61912,15.55967,493,8.17526E+18,STAR,9.93E-05,7261,56603,383
1.23765E+18,80.49742892,1.074238459,15.83061,14.71294,14.3038,14.57992,14.08632,493,8.17527E+18,STAR,-0.00033789,7261,56603,389
1.23765E+18,80.60544881,1.112355582,17.31382,16.15133,15.69397,15.57976,15.52574,494,8.17525E+18,STAR,7.81E-06,7261,56603,346
1.23765E+18,80.72502431,1.147143832,19.26915,18.91309,18.98248,18.8957,18.83146,495,8.17525E+18,QSO,0.6779121,7261,56603,343
1.23765E+18,80.97544344,1.136898838,17.56223,17.46462,16.39358,15.7791,15.06147,497,8.17524E+18,STAR,0.000561838,7261,56603,307
1.23765E+18,81.05179005,1.132771581,18.12191,16.94231,16.46729,16.18091,15.95211,497,8.17524E+18,GALAXY,0.02760175,7261,56603,299
1.23765E+18,81.5773727,1.166770726,19.51677,18.46413,18.00479,17.80157,17.7044,501,8.17521E+18,STAR,0.000275074,7261,56603,188
1.23765E+18,81.60739382,1.125551819,18.80227,17.77774,17.38675,17.22668,17.15102,501,8.17521E+18,STAR,0.000982665,7261,56603,186
1.23765E+18,81.71180162,1.187852222,16.83552,15.65989,15.21338,15.02488,14.95213,501,8.1752E+18,STAR,-5.49E-05,7261,56603,142
1.23765E+18,81.91930155,1.065935835,18.28678,15.9818,14.66786,14.25826,13.4937,503,8.1752E+18,STAR,2.69E-05,7261,56603,132
1.23765E+18,82.02660371,1.132373954,16.50459,15.18312,14.68919,14.51255,14.43709,504,8.17519E+18,STAR,5.79E-05,7261,56603,104
1.23765E+18,82.19570707,1.153362428,18.91327,16.81745,16.02782,15.73119,15.57139,505,8.17518E+18,STAR,-0.000106348,7261,56603,79
1.23765E+18,82.21170285,1.089701246,17.55873,16.30663,15.89563,15.73123,15.64901,505,8.17518E+18,STAR,0.000227383,7261,56603,64
1.23765E+18,82.2147991,1.134569298,17.69268,16.43389,16.04524,15.88545,15.82177,505,8.17518E+18,STAR,-2.92E-05,7261,56603,65
1.23765E+18,82.25423046,1.056937606,17.48093,15.72839,15.04843,14.8241,14.72089,505,2.31044E+18,STAR,-3.28E-05,2052,53401,328
1.23765E+18,82.27317122,1.079447355,18.5369,17.46105,17.05694,16.88,16.79718,505,1.40074E+18,STAR,-0.00013445,1244,52674,427
1.23765E+18,82.30377077,1.227825443,17.57055,18.73931,18.2092,16.46041,15.79621,505,1.40074E+18,STAR,8.58E-05,1244,52674,426
1.23765E+18,82.40452046,1.085411892,19.19237,17.88154,17.24968,16.96093,16.77757,506,2.31044E+18,STAR,-0.000270229,2052,53401,324
1.23765E+18,82.42365433,1.094515584,17.23808,15.64786,15.01637,14.7884,14.68237,506,2.31044E+18,STAR,9.03E-06,2052,53401,327
1.23765E+18,82.39043394,1.206587736,19.32651,17.75107,17.13007,16.89304,16.79228,506,2.31043E+18,STAR,5.22E-05,2052,53401,321
1.23765E+18,82.59941208,1.15440894,18.10701,16.34744,15.53905,15.16493,14.96451,507,2.31045E+18,STAR,0.001114156,2052,53401,369
1.23765E+18,82.56326357,1.22665996,19.23974,17.57343,16.89635,16.6293,16.4982,507,2.31045E+18,STAR,0.000108563,2052,53401,378
1.23765E+18,83.03754222,1.126993332,17.52398,16.0421,15.40322,15.13365,14.98692,510,2.31046E+18,STAR,-0.000190496,2052,53401,401
1.23765E+18,83.24614687,1.171669808,16.85776,15.55194,15.14762,14.99704,14.94561,512,2.31047E+18,STAR,9.69E-05,2052,53401,449
1.23765E+18,83.24759031,1.200037223,18.00292,16.26539,15.49275,15.18416,15.02153,512,2.31047E+18,STAR,0.000232551,2052,53401,442
1.23765E+18,83.48175105,1.216620817,18.80371,17.10419,16.16411,15.70085,15.35242,513,2.31049E+18,STAR,-0.00059232,2052,53401,532
1.23765E+18,83.57148361,1.189560535,17.68746,16.29579,15.62724,15.32185,15.15757,514,2.31049E+18,STAR,-1.25E-05,2052,53401,528
1.23765E+18,83.88433724,1.059098819,18.54147,17.2538,16.68313,16.44974,16.33292,516,2.3105E+18,STAR,0.000162191,2052,53401,566
1.23765E+18,84.04163889,1.120451933,18.16806,16.26461,15.47461,15.16823,15.27263,517,2.31051E+18,STAR,9.15E-05,2052,53401,604
1.23765E+18,86.05494474,1.129461996,19.37359,17.85709,16.92044,16.37869,15.99651,530,8.17083E+18,GALAXY,0.0505817,7257,56658,629
1.23765E+18,86.22025447,1.215760018,19.51669,18.18658,17.53216,17.25106,17.06945,532,8.17084E+18,STAR,2.17E-05,7257,56658,665
1.23765E+18,84.09859801,-0.350264891,18.0106,16.50186,15.88938,15.66548,15.53923,495,2.31036E+18,STAR,-8.73E-05,2052,53401,66
1.23765E+18,84.19286661,-0.243291229,18.25343,16.94416,16.44134,16.22317,16.10049,496,2.31037E+18,STAR,7.06E-05,2052,53401,78
1.23765E+18,70.71630391,0.090169791,14.95914,13.24174,12.88507,12.85479,13.27826,406,8.9744E+17,STAR,-0.000277649,797,52263,356
1.23765E+18,83.61452023,0.038044548,19.29804,17.93739,17.32051,17.00373,16.85047,492,2.31048E+18,STAR,1.27E-05,2052,53401,493
1.23765E+18,83.63129622,0.159490338,19.37115,17.70177,16.79014,16.31441,16.01774,492,2.31048E+18,STAR,-0.000106138,2052,53401,481
1.23765E+18,99.71077754,-1.015281977,18.37194,15.98578,14.77608,14.1973,13.78865,433,8.17192E+18,STAR,-8.53E-05,7258,56605,490
1.23765E+18,99.77412384,-1.106337613,16.55442,14.60306,13.89092,13.64049,13.52043,433,8.17191E+18,STAR,-3.23E-05,7258,56605,481
1.23765E+18,99.8487509,-1.071396648,18.2931,15.54402,14.19211,13.53752,13.09513,434,8.17192E+18,STAR,1.99E-05,7258,56605,486
1.23765E+18,99.86687645,-1.067455336,16.25698,14.67911,13.99945,13.7061,13.53759,434,8.17191E+18,STAR,-8.64E-06,7258,56605,466
1.23765E+18,100.0636631,-0.971001744,18.71377,15.47503,14.02213,13.39468,12.94242,435,8.1719E+18,STAR,5.45E-05,7258,56605,424
1.23765E+18,100.2926347,-0.965194217,16.72349,13.92988,12.65085,12.04488,11.58986,437,8.17189E+18,STAR,-2.11E-05,7258,56605,382
1.23765E+18,100.3093806,-1.002753522,16.25207,14.57067,13.91425,13.69364,13.58682,437,8.17189E+18,STAR,0.000103826,7258,56605,384
1.23765E+18,100.2700515,-1.024035377,19.27707,16.75296,15.46598,14.86056,14.43069,437,8.1719E+18,STAR,0.000176663,7258,56605,425
1.23765E+18,99.59643552,-0.707514464,16.44524,14.99401,14.45149,14.23135,14.11356,432,8.17192E+18,STAR,7.64E-05,7258,56605,494
1.23765E+18,99.62733441,-0.567595642,14.86991,13.64012,13.25299,13.12398,13.08995,432,8.17192E+18,STAR,-0.000104403,7258,56605,497
1.23765E+18,99.90194429,-0.688228111,16.30869,14.81907,14.22559,13.98152,13.83462,434,8.17191E+18,STAR,1.82E-06,7258,56605,476
1.23765E+18,99.92099745,-0.601500463,14.29825,12.83867,12.73307,12.75083,12.75873,434,8.17191E+18,STAR,0.000232759,7258,56605,463
1.23765E+18,99.92359831,-0.696657638,18.11262,15.55984,14.26648,13.66982,13.27262,434,8.17191E+18,STAR,0.000190688,7258,56605,464
1.23765E+18,99.92833412,-0.542194326,15.03077,13.62778,13.1333,12.9714,12.93271,434,8.17191E+18,STAR,-3.68E-06,7258,56605,473
1.23765E+18,99.85789846,-0.528431402,19.3075,16.65691,15.28921,14.64381,14.2546,434,8.17192E+18,STAR,-0.00016078,7258,56605,499
1.23765E+18,99.92327774,-0.575429141,19.3161,16.82574,15.49405,14.86199,14.40858,434,8.17191E+18,STAR,0.000295005,7258,56605,480
1.23765E+18,100.1974321,-0.568214549,17.98542,15.04495,13.71882,13.13168,12.71846,436,8.1719E+18,STAR,9.45E-05,7258,56605,433
1.23765E+18,100.2436255,-0.554525281,17.53326,15.23979,14.31731,13.87701,13.61668,436,8.17189E+18,STAR,2.12E-05,7258,56605,393
1.23765E+18,100.2089109,-0.68904072,18.65517,16.47797,15.39157,14.88541,14.48853,436,8.1719E+18,GALAXY,0.000299531,7258,56605,429
1.23765E+18,100.3904703,-0.555037078,18.24998,15.50566,14.08174,13.47944,13.09516,437,8.17189E+18,STAR,-0.0001262,7258,56605,389
1.23765E+18,99.71987382,-0.19566468,17.4527,15.20457,14.22327,13.80928,13.54615,433,8.17192E+18,STAR,7.12E-05,7258,56605,512
1.23765E+18,99.78079638,-0.167151893,14.91552,13.31726,13.00348,12.88757,12.83035,433,8.17193E+18,STAR,4.82E-05,7258,56605,538
1.23765E+18,99.92930185,-0.157745638,14.22152,13.03663,12.78079,12.71204,12.72381,434,8.17194E+18,STAR,0.000108876,7258,56605,575
1.23765E+18,100.0855914,-0.170594126,16.33307,14.75739,14.18637,14.01078,13.91708,435,8.17194E+18,STAR,0.000231433,7258,56605,574
1.23765E+18,100.0510796,-0.283105899,19.12341,16.58392,15.26588,14.62457,14.14859,435,8.17194E+18,STAR,9.22E-05,7258,56605,579
1.23765E+18,100.147305,-0.305955774,18.10345,14.97647,13.55928,12.95088,12.52302,436,8.17194E+18,STAR,9.36E-05,7258,56605,580
1.23765E+18,100.1794481,-0.133506949,16.82007,14.10755,12.8483,13.38778,11.94312,436,8.17195E+18,STAR,-4.23E-05,7258,56605,617
1.23765E+18,100.2582913,-0.107215615,16.26301,14.10957,12.50703,11.88581,11.83405,437,8.17195E+18,STAR,0.000120695,7258,56605,614
1.23765E+18,91.66803346,0.244902061,19.13588,18.91597,19.23238,19.46651,19.86673,379,1.40638E+18,STAR,0.000168509,1249,54484,473
1.23765E+18,99.6861841,0.178141473,18.27671,16.06061,15.01363,14.55837,14.26924,433,8.17192E+18,STAR,0.000234188,7258,56605,501
1.23765E+18,99.73466693,0.160287959,17.60005,15.64798,14.96702,14.64446,14.41837,433,8.17193E+18,STAR,0.00024064,7258,56605,526
1.23765E+18,99.71325866,0.197227382,16.34555,15.15453,14.64947,14.41756,14.21426,433,8.17192E+18,STAR,0.000143217,7258,56605,502
1.23765E+18,99.8999254,0.213445629,14.12457,12.99304,12.62205,14.07472,12.50577,434,8.17193E+18,STAR,-7.22E-05,7258,56605,530
1.23765E+18,99.93277922,0.247622399,17.17057,14.91963,13.96046,13.617,13.43427,434,8.17193E+18,STAR,0.000160939,7258,56605,523
1.23765E+18,99.96549975,0.244394354,13.57293,12.69742,12.56807,12.71218,12.50522,435,8.17194E+18,STAR,5.51E-05,7258,56605,562
1.23765E+18,99.96781027,0.305524208,16.38135,14.81422,14.224,13.96774,13.82713,435,8.17194E+18,STAR,5.84E-05,7258,56605,560
1.23765E+18,100.0362708,0.264730131,14.49739,13.37598,13.25873,13.28182,13.24849,435,8.17194E+18,STAR,5.23E-05,7258,56605,563
1.23765E+18,100.1156809,0.165669249,15.53427,13.91737,13.36457,13.20782,13.14877,436,8.17194E+18,STAR,4.86E-06,7258,56605,567
1.23765E+18,100.1488903,0.210900118,17.3626,15.30423,14.25304,13.77361,13.45362,436,8.17194E+18,STAR,0.000181077,7258,56605,566
1.23765E+18,100.184357,0.216646974,16.35957,13.81253,12.58685,12.53111,11.87779,436,8.17195E+18,STAR,6.63E-05,7258,56605,601
1.23765E+18,100.1934405,0.106275707,17.49594,14.72159,13.4105,13.24213,12.4534,436,8.17195E+18,STAR,0.000323046,7258,56605,606
1.23765E+18,100.3540345,0.125422989,14.66061,13.45648,13.05592,13.30967,12.91978,437,8.17196E+18,STAR,0.000282855,7258,56605,646
1.23765E+18,100.3911627,0.312872242,16.96594,14.16444,12.932,12.90461,12.08129,437,8.17196E+18,STAR,0.000323969,7258,56605,637
1.23765E+18,99.88182878,0.559673838,16.59443,14.9641,14.35869,14.07938,13.90511,434,8.17193E+18,STAR,0.000105702,7258,56605,544
1.23765E+18,99.95951901,0.614494839,19.19112,16.63538,15.29524,14.59272,14.09674,435,8.17193E+18,STAR,0.000114309,7258,56605,543
1.23765E+18,100.1340318,0.549696656,15.09839,13.79709,13.02013,13.30806,13.0804,436,8.17193E+18,STAR,1.29E-05,7258,56605,549
1.23765E+18,100.1567008,0.69937449,18.24353,15.52803,14.03644,13.3511,12.90407,436,8.17194E+18,STAR,0.000261566,7258,56605,587
1.23765E+18,100.1899975,0.52664465,15.72759,14.49994,14.12587,13.94415,13.87341,436,8.17194E+18,STAR,-4.50E-07,7258,56605,592
1.23765E+18,100.2266413,0.578298301,17.28138,14.89315,13.81572,13.30319,12.97412,436,8.17194E+18,STAR,1.17E-05,7258,56605,593
1.23765E+18,100.2355231,0.659331974,18.4293,15.40012,13.92262,13.17264,12.6625,436,8.17194E+18,STAR,0.00010633,7258,56605,590
1.23765E+18,100.3250464,0.691780698,15.95982,14.58764,14.0624,13.88333,13.80201,437,8.17196E+18,STAR,0.000150429,7258,56605,634
1.23765E+18,100.3261582,0.533098285,17.77117,15.19972,13.90788,13.36894,12.94053,437,8.17196E+18,STAR,0.000401035,7258,56605,635
1.23765E+18,100.3625004,0.59576367,16.92754,14.59975,13.7063,13.12693,12.17422,437,8.17196E+18,STAR,0.000348159,7258,56605,631
1.23765E+18,83.19365831,-0.128046999,16.46373,15.13707,14.71039,14.53198,14.44355,158,2.3104E+18,STAR,0.000208213,2052,53401,195
1.23765E+18,100.0932256,-0.857846725,17.55848,14.86093,14.59729,12.87539,12.67406,161,8.1719E+18,STAR,9.54E-05,7258,56605,426
1.23765E+18,100.1358582,-0.835307091,14.85567,14.1408,14.00877,13.99487,14.01255,161,8.1719E+18,STAR,5.33E-05,7258,56605,421
1.23765E+18,100.0615381,-0.7880804,19.46058,16.76526,15.39507,14.74972,14.31411,161,8.1719E+18,STAR,0.000240084,7258,56605,430
1.23765E+18,100.252996,-0.770167842,16.95083,15.86987,11.91754,12.13005,13.21452,162,8.17189E+18,STAR,3.10E-06,7258,56605,383
1.23765E+18,100.3219293,-0.763910686,17.23424,15.47129,13.25351,12.7706,13.10175,163,8.17189E+18,STAR,-8.65E-05,7258,56605,387
1.23765E+18,100.4263435,-0.708962274,18.8389,16.36769,15.2108,14.66939,14.33108,163,8.17189E+18,STAR,0.000286548,7258,56605,394
1.23765E+18,100.5627079,-0.823750479,17.61432,15.16935,14.04556,13.52006,13.19073,164,8.17188E+18,STAR,0.000264178,7258,56605,344
1.23765E+18,100.5859087,-0.689441038,16.63498,15.16971,14.63309,14.36689,14.26615,164,8.17188E+18,STAR,0.000114999,7258,56605,351
1.23765E+18,100.4595855,-0.772983462,19.49971,17.04481,15.77661,15.17081,14.7705,164,8.17189E+18,STAR,0.000133672,7258,56605,392
1.23765E+18,100.6130031,-0.715030445,18.22024,15.66424,14.40254,13.81275,13.42666,165,8.17188E+18,STAR,0.000259317,7258,56605,348
1.23765E+18,100.6491195,-0.810856605,18.24782,15.28496,15.20776,14.68453,12.88275,165,8.17188E+18,STAR,5.58E-06,7258,56605,345
1.23765E+18,100.6480948,-0.851536841,15.53489,14.6048,14.39718,14.32502,14.2755,165,8.17188E+18,STAR,-1.60E-05,7258,56605,343
1.23765E+18,100.7468498,-0.770264541,15.25757,14.58035,14.49038,14.49997,14.49979,166,8.17187E+18,STAR,0.000198726,7258,56605,310
1.23765E+18,100.7439419,-0.796623112,17.17388,16.5808,12.87667,12.34686,13.32632,166,8.17187E+18,STAR,0.000211584,7258,56605,307
1.23765E+18,100.8436714,-0.772298144,18.31279,15.82869,14.79757,14.35638,14.09628,166,8.17187E+18,STAR,-0.000173216,7258,56605,316
1.23765E+18,100.8553979,-0.863881621,17.35177,15.94788,12.84458,12.30229,13.01775,166,8.17186E+18,STAR,9.18E-05,7258,56605,301
1.23765E+18,100.8619011,-0.78646127,17.41914,15.16559,14.00926,13.10122,13.1809,166,8.17187E+18,STAR,9.48E-05,7258,56605,309
1.23765E+18,100.8814886,-0.765942256,16.41869,13.81753,12.40378,13.99937,13.19693,166,8.17187E+18,STAR,-0.000205315,7258,56605,315
1.23765E+18,100.9079512,-0.791248664,18.44154,16.22629,15.09477,14.54812,14.18415,167,8.17186E+18,STAR,0.000152099,7258,56605,303
1.23765E+18,100.9183007,-0.693147585,18.04755,15.38009,15.04563,13.78939,13.38793,167,8.17186E+18,STAR,-0.000155943,7258,56605,278
1.23765E+18,100.9249609,-0.716882897,16.55116,14.74506,14.08645,13.86797,13.77649,167,8.17186E+18,STAR,9.02E-05,7258,56605,276
1.23765E+18,100.9267375,-0.869441538,16.71484,15.23075,14.65818,14.33652,14.19948,167,8.17186E+18,STAR,-0.000109596,7258,56605,271
1.23765E+18,100.9466038,-0.756386778,15.88955,14.41315,14.89784,13.70609,13.7387,167,8.17186E+18,STAR,-7.79E-05,7258,56605,268
1.23765E+18,100.9438515,-0.82757357,16.67456,15.25658,14.68778,14.40886,14.27848,167,8.17186E+18,STAR,-4.91E-06,7258,56605,273
1.23765E+18,100.9844344,-0.672152828,17.0342,15.35213,13.10755,14.19772,13.37353,167,8.17186E+18,STAR,-8.51E-06,7258,56605,272
1.23765E+18,100.9845928,-0.719361907,16.64076,15.6317,11.27709,11.08821,13.89948,167,8.17186E+18,STAR,-4.14E-05,7258,56605,270
1.23765E+18,100.9872753,-0.75812309,16.47881,15.16946,14.65938,14.44569,14.34483,167,8.17186E+18,STAR,-7.09E-05,7258,56605,279
1.23765E+18,101.0144652,-0.697778508,18.20855,16.04986,16.15988,14.70607,13.77866,167,8.17186E+18,STAR,4.66E-05,7258,56605,277
1.23765E+18,101.0164059,-0.757912565,16.76548,15.32125,14.72048,14.46915,14.33289,167,8.17185E+18,STAR,7.52E-05,7258,56605,266
1.23765E+18,101.027322,-0.853816763,16.89535,15.74502,13.2956,12.81051,13.28545,167,8.17186E+18,STAR,2.66E-05,7258,56605,275
1.23765E+18,101.0434266,-0.749612461,15.7765,14.35841,13.78543,13.5118,13.35102,168,8.17185E+18,STAR,3.36E-05,7258,56605,237
1.23765E+18,101.0431704,-0.807060097,18.03511,15.62227,14.48885,13.94889,13.61962,168,8.17184E+18,STAR,1.09E-05,7258,56605,228
1.23765E+18,101.046334,-0.846807941,16.60745,15.2676,14.8016,14.52773,14.45389,168,8.17184E+18,STAR,0.000131649,7258,56605,227
1.23765E+18,101.0604468,-0.74284322,15.62589,14.39942,13.97631,13.80801,13.65923,168,8.17185E+18,STAR,-8.19E-05,7258,56605,235
1.23765E+18,101.0622236,-0.801050757,16.3724,14.80086,14.18673,13.9063,13.78163,168,8.17185E+18,STAR,-3.06E-06,7258,56605,232
1.23765E+18,101.0645095,-0.875976181,16.91608,15.28226,14.67293,14.36364,14.25769,168,8.17185E+18,STAR,4.96E-05,7258,56605,233
1.23765E+18,101.0639308,-0.840073775,17.7294,15.32982,14.22485,13.67977,13.36031,168,8.17184E+18,STAR,0.00023353,7258,56605,224
1.23765E+18,101.0838019,-0.730393859,15.32656,13.80488,13.12536,14.91675,13.42107,168,8.17185E+18,STAR,5.82E-05,7258,56605,239
1.23765E+18,101.0846771,-0.790376318,15.66428,15.12716,14.88557,13.56496,13.6881,168,8.17185E+18,STAR,-0.000118743,7258,56605,234
1.23765E+18,101.0912777,-0.807718639,16.38504,14.89285,14.32658,14.06503,13.95623,168,8.17185E+18,STAR,-2.06E-05,7258,56605,231
1.23765E+18,101.1076171,-0.79977737,17.14263,15.55865,14.94938,14.71831,14.63904,168,8.17184E+18,STAR,-2.28E-05,7258,56605,226
1.23765E+18,101.1559325,-0.775554299,16.88583,15.18121,15.18409,12.57092,13.10611,168,8.17184E+18,STAR,6.55E-05,7258,56605,197
1.23765E+18,101.2260953,-0.854901139,16.49078,14.70659,12.90156,14.11075,13.32934,169,8.17183E+18,STAR,0.000169957,7258,56605,190
1.23765E+18,101.2214038,-0.829490081,17.09298,15.58316,15.58242,13.61022,13.44883,169,8.17183E+18,STAR,0.000202244,7258,56605,191
1.23765E+18,101.2637655,-0.854381037,15.38091,15.43711,13.1169,12.82381,13.31116,169,8.17183E+18,STAR,9.08E-05,7258,56605,182
1.23765E+18,101.2648429,-0.75829793,16.59293,16.17542,12.59359,12.01177,13.1072,169,8.17184E+18,STAR,-1.54E-05,7258,56605,195
1.23765E+18,101.2683637,-0.736322123,18.70979,15.76447,14.50988,13.99372,13.73749,169,8.17184E+18,STAR,0.000115313,7258,56605,199
1.23765E+18,101.3791618,-0.781606115,15.34887,15.31746,14.89594,13.30219,13.30271,170,8.17182E+18,STAR,-3.40E-05,7258,56605,148
1.23765E+18,101.4400892,-0.726757857,14.81476,14.7346,14.83394,14.39823,13.4381,170,8.17182E+18,STAR,2.43E-05,7258,56605,156
1.23765E+18,101.4084491,-0.866633418,17.34932,15.44736,13.04946,14.02749,12.85555,170,8.17182E+18,STAR,8.27E-05,7258,56605,145
1.23765E+18,101.4671046,-0.807318226,18.61948,16.34222,15.24818,14.75095,14.45378,170,8.17182E+18,STAR,0.000141907,7258,56605,152
1.23765E+18,101.5451276,-0.704038481,18.43407,16.00385,14.72254,14.09892,13.65866,171,8.17181E+18,STAR,0.000130486,7258,56605,117
1.23765E+18,101.5878762,-0.776200511,18.7628,15.68617,14.27985,13.70982,13.29861,171,8.17181E+18,STAR,-3.10E-05,7258,56605,101
1.23765E+18,101.6106391,-0.710162361,16.15473,14.58536,14.1499,13.99001,13.88283,171,8.17181E+18,STAR,-2.88E-05,7258,56605,118
1.23765E+18,101.6741267,-0.77718628,18.69098,16.01608,14.70142,14.08949,13.65679,172,8.17181E+18,STAR,-1.26E-05,7258,56605,109
1.23765E+18,101.6859851,-0.715557955,15.6364,14.59404,14.26156,13.836,13.64238,172,8.1718E+18,STAR,0.000135315,7258,56605,75
1.23765E+18,101.6983933,-0.843515216,15.33949,13.25473,12.9964,12.99637,13.5893,172,8.1718E+18,STAR,-8.32E-05,7258,56605,63
1.23765E+18,101.6984236,-0.683015022,17.96331,15.44903,14.36084,13.90272,13.61948,172,8.1718E+18,STAR,6.97E-05,7258,56605,70
1.23765E+18,102.3391136,-0.820580098,15.67315,14.2953,13.70305,13.57439,13.47969,176,8.17178E+18,STAR,0.000192736,7258,56605,3
1.23765E+18,96.11098887,-0.453163951,18.92984,17.40899,17.14594,17.03261,16.92126,135,1.41752E+18,STAR,0.000190964,1259,52931,27
1.23765E+18,99.77262077,-0.425136319,18.37494,15.97956,15.0186,14.8048,14.50882,159,8.17191E+18,STAR,0.000101784,7258,56605,482
1.23765E+18,99.86868978,-0.33661482,16.41547,15.02358,14.56885,14.38471,14.30559,160,8.17193E+18,STAR,3.69E-05,7258,56605,540
1.23765E+18,99.87871963,-0.385852601,18.81198,16.02653,14.62627,13.96418,13.49142,160,8.17193E+18,STAR,0.000179041,7258,56605,539
1.23765E+18,100.1901294,-0.340960184,16.37185,14.82039,14.18476,13.89882,13.75955,162,8.17195E+18,STAR,-4.71E-05,7258,56605,620
1.23765E+18,100.2254059,-0.343306384,15.9331,14.55193,14.05514,13.83858,13.75843,162,8.17195E+18,STAR,9.05E-05,7258,56605,619
1.23765E+18,100.6529257,-0.282218552,16.7586,15.22506,14.65776,14.45439,14.35698,165,8.17197E+18,STAR,0.000305921,7258,56605,698
1.23765E+18,100.6436596,-0.302692803,16.23257,15.52385,15.20704,15.21522,12.57526,165,8.17197E+18,STAR,5.63E-05,7258,56605,697
1.23765E+18,100.7004439,-0.431106526,16.25679,14.80274,14.26476,13.89844,13.9735,165,8.17197E+18,STAR,5.18E-05,7258,56605,699
1.23765E+18,100.712581,-0.341717997,17.71261,15.34186,14.22853,14.20036,13.40604,165,8.17197E+18,STAR,0.000280891,7258,56605,693
1.23765E+18,100.7697284,-0.325423604,18.45337,15.58021,13.98747,15.31554,13.09262,166,8.17198E+18,STAR,0.000186241,7258,56605,734
1.23765E+18,100.7864322,-0.302304349,15.99001,13.93058,12.63966,12.16869,12.75168,166,8.17198E+18,STAR,0.000192973,7258,56605,736
1.23765E+18,100.81034,-0.437516302,16.6302,15.5175,13.20474,14.64828,13.18433,166,8.17198E+18,STAR,7.79E-05,7258,56605,739
1.23765E+18,100.8641907,-0.38356255,17.77569,15.58206,14.46634,13.95121,13.61369,166,8.17199E+18,STAR,0.000385044,7258,56605,740
1.23765E+18,100.9221521,-0.426889745,18.49072,16.09097,15.95969,14.55682,13.53071,167,8.172E+18,STAR,0.000187355,7258,56605,778
1.23765E+18,100.9518477,-0.27091487,16.72481,15.28047,14.82094,14.03267,12.88799,167,8.17199E+18,STAR,0.000229436,7258,56605,775
1.23765E+18,101.0639423,-0.390186059,16.81894,15.31956,13.17149,12.92343,12.97437,168,8.17199E+18,STAR,0.000284268,7258,56605,776
1.23765E+18,101.2296313,-0.457643795,15.26146,14.05202,13.87055,13.84129,13.73891,169,8.17184E+18,STAR,5.18E-05,7258,56605,200
1.23765E+18,101.3539928,-0.362592609,18.88207,15.70511,14.32723,13.74524,13.36329,170,8.17202E+18,STAR,-1.79E-05,7258,56605,856
1.23765E+18,101.3814161,-0.330371911,16.63083,14.17431,12.55716,12.03782,13.25602,170,8.17202E+18,STAR,0.000245846,7258,56605,858
1.23765E+18,101.4282412,-0.338528039,15.74247,15.12057,11.56159,14.38946,13.10787,170,8.17202E+18,STAR,0.000154537,7258,56605,860
1.23765E+18,101.4639027,-0.344035262,17.21199,15.17274,14.26948,13.90858,13.74086,170,8.17203E+18,STAR,0.00013693,7258,56605,899
1.23765E+18,101.4761914,-0.326187685,17.80362,15.50526,14.46517,14.02423,13.76642,170,8.17203E+18,STAR,0.000150361,7258,56605,900
1.23765E+18,101.5818174,-0.402520854,16.01502,14.68046,14.19128,14.03423,13.99204,171,8.17181E+18,STAR,-1.50E-05,7258,56605,120
1.23765E+18,101.6913786,-0.315839397,18.1725,15.56275,14.25098,13.7755,13.05231,172,8.17204E+18,STAR,0.000165865,7258,56605,939
1.23765E+18,101.7177771,-0.377144676,16.76328,14.74325,13.77421,15.5734,13.29255,172,8.1718E+18,STAR,-1.98E-05,7258,56605,77
1.23765E+18,101.7579148,-0.31548843,16.6933,15.08783,14.40303,14.15831,14.02356,172,8.17204E+18,STAR,-3.20E-05,7258,56605,937
1.23765E+18,101.8237303,-0.345831236,16.9794,15.16778,14.27567,13.87308,13.65812,173,8.1718E+18,STAR,-0.000129142,7258,56605,78
1.23765E+18,101.9976587,-0.364429821,15.70388,14.44166,14.076,13.80697,13.80108,174,8.17179E+18,STAR,-6.03E-05,7258,56605,38
1.23765E+18,102.0376597,-0.348418859,16.00147,15.0354,14.59001,14.36495,14.18227,174,8.17179E+18,STAR,0.000146195,7258,56605,39
1.23765E+18,102.0562126,-0.416836041,15.6551,14.29481,14.74329,14.17425,13.55265,174,8.17179E+18,STAR,1.29E-05,7258,56605,36
1.23765E+18,102.1928063,-0.261156371,16.34338,14.84006,14.52795,14.41008,14.32011,175,8.17179E+18,STAR,5.49E-05,7258,56605,40
1.23765E+18,102.2738173,-0.422619071,16.41835,14.68628,14.97932,14.51863,13.35032,176,8.17179E+18,STAR,0.000110553,7258,56605,27
1.23765E+18,102.3846603,-0.25564227,14.94139,12.98092,12.62901,14.97697,13.48102,176,8.17179E+18,STAR,8.63E-05,7258,56605,19
1.23765E+18,102.4730309,-0.351909547,18.1714,16.0719,15.00671,14.55609,14.26292,177,8.17179E+18,STAR,4.19E-05,7258,56605,16
1.23765E+18,102.479093,-0.251276203,16.58568,15.20891,14.62562,14.40954,14.30935,177,8.17179E+18,STAR,0.000111246,7258,56605,17
1.23765E+18,82.89034664,-0.006428265,16.17624,14.99247,14.60148,14.46837,14.43359,46,2.31047E+18,STAR,6.80E-05,2052,53401,438
1.23765E+18,82.92477561,-0.032257751,18.19662,16.56628,15.87193,15.60848,15.4522,46,2.31046E+18,STAR,-6.42E-05,2052,53401,426
1.23765E+18,83.04042946,-0.023860109,17.56197,15.92929,15.1353,14.7783,14.52189,47,2.31047E+18,GALAXY,0.000271377,2052,53401,434
1.23765E+18,85.62172123,-0.020513068,19.38527,17.83491,17.13278,16.83804,16.70002,64,8.17078E+18,STAR,0.000144011,7257,56658,464
1.23765E+18,99.69681907,0.062296793,16.87338,15.87637,12.34863,14.33733,13.70798,159,8.17192E+18,STAR,-3.30E-05,7258,56605,511
1.23765E+18,99.94162755,0.04831463,14.71591,14.94269,14.9298,15.25805,13.65709,160,8.17194E+18,STAR,0.000140303,7258,56605,568
1.23765E+18,99.90899816,-0.020155054,16.99565,15.31679,12.21326,15.06244,13.11351,160,8.17193E+18,STAR,9.13E-05,7258,56605,534
1.23765E+18,100.17988,0.006995248,15.833,14.38065,13.62794,15.39925,13.43237,162,8.17195E+18,STAR,0.000106283,7258,56605,609
1.23765E+18,100.2096447,0.046619421,19.43004,16.79319,15.39826,14.80828,14.46437,162,8.17195E+18,STAR,8.68E-05,7258,56605,608
1.23765E+18,100.3403619,0.048378303,15.79814,14.67268,13.52746,16.42316,13.81269,163,8.17195E+18,STAR,0.000170402,7258,56605,613
1.23765E+18,100.4689248,0.116415773,17.92337,15.48013,16.30984,15.12974,13.19095,164,8.17196E+18,STAR,0.000245607,7258,56605,645
1.23765E+18,100.5579532,0.170189298,16.52298,15.08996,14.5872,14.42418,14.26197,164,8.17197E+18,STAR,0.000122215,7258,56605,684
1.23765E+18,100.5733852,0.077913808,15.46987,13.91543,13.39416,13.37331,13.62971,164,8.17197E+18,STAR,-7.22E-05,7258,56605,689
1.23765E+18,100.6143879,-0.038210777,15.75731,14.43029,15.57371,18.87903,14.08257,165,8.17197E+18,STAR,7.01E-05,7258,56605,688
1.23765E+18,100.7102645,0.104737161,16.78061,16.36617,15.57695,15.81089,12.96848,165,8.17197E+18,STAR,0.000206655,7258,56605,700
1.23765E+18,100.836818,0.122643712,15.65379,15.32446,15.4311,14.76341,13.62571,166,8.17198E+18,STAR,-3.84E-05,7258,56605,726
1.23765E+18,100.8794126,0.148629448,17.43114,15.08458,13.35233,15.72374,13.07884,166,8.17199E+18,STAR,0.000222784,7258,56605,763
1.23765E+18,101.0372254,-0.002455905,15.14826,14.32972,13.88264,13.81357,13.83654,167,8.17199E+18,STAR,0.000157123,7258,56605,770
1.23765E+18,101.1505385,-0.032009493,15.31121,15.58514,15.32141,14.83198,13.55994,168,8.172E+18,STAR,-1.52E-05,7258,56605,810
1.23765E+18,101.3285904,-0.022630597,15.65786,14.27966,14.84861,14.23019,14.25905,169,8.17201E+18,STAR,9.50E-05,7258,56605,848
1.23765E+18,101.274437,-0.022958274,16.05087,15.7844,15.45802,14.58652,13.85625,169,8.17201E+18,STAR,0.000317738,7258,56605,846
1.23765E+18,101.4218297,0.015352424,17.58609,14.97577,15.29177,16.38486,12.7471,170,8.17201E+18,STAR,3.92E-05,7258,56605,847
1.23765E+18,101.5592048,0.127005824,15.11872,15.44588,15.55401,15.07876,13.54368,171,8.17203E+18,STAR,-3.56E-05,7258,56605,889
1.23765E+18,101.5644025,-0.022429267,19.28275,16.66011,15.31736,14.62873,14.16197,171,8.17203E+18,STAR,0.000226916,7258,56605,891
1.23765E+18,101.7997652,0.010000769,17.75495,15.35763,13.92357,13.31815,12.8258,173,8.17203E+18,STAR,0.000110201,7258,56605,921
1.23765E+18,102.136791,0.086719498,17.38964,15.36965,14.61518,14.33391,14.13852,175,8.17204E+18,STAR,-2.06E-05,7258,56605,948
1.23765E+18,102.1715623,0.153276388,16.54063,14.79022,11.572,14.16948,13.96842,175,8.17205E+18,STAR,0.00012209,7258,56605,988
1.23765E+18,102.2022345,0.001372222,16.13739,15.40589,15.51279,14.90951,14.09133,175,8.17205E+18,STAR,7.52E-05,7258,56605,993
1.23765E+18,102.3455188,0.121781533,15.11334,12.77489,12.6297,14.59365,13.56904,176,8.17205E+18,STAR,-7.17E-06,7258,56605,992
1.23765E+18,99.986277,0.430073008,19.44348,16.86663,15.4965,14.85648,14.3921,160,8.17193E+18,STAR,0.000232063,7258,56605,550
1.23765E+18,100.0694531,0.425701226,15.16817,13.04744,12.80175,12.70708,13.73162,161,8.17193E+18,STAR,0.000105367,7258,56605,554
1.23765E+18,100.0748246,0.483533013,16.38723,14.97587,14.47678,16.6176,14.12953,161,8.17193E+18,STAR,5.62E-05,7258,56605,553
1.23765E+18,100.1196831,0.444533315,17.27518,15.68627,14.95837,15.42455,14.44965,161,8.17195E+18,STAR,0.000113579,7258,56605,600
1.23765E+18,100.4216293,0.518479595,17.44302,15.92265,16.3988,13.72931,14.37464,163,8.17195E+18,STAR,0.000122864,7258,56605,625
1.23765E+18,100.4343483,0.462820331,16.53706,16.55868,15.77137,15.64456,13.9369,163,8.17195E+18,STAR,0.000152401,7258,56605,627
1.23765E+18,100.5034946,0.5607016,17.87066,15.69092,14.2522,16.85826,13.4805,164,8.17197E+18,STAR,0.000110055,7258,56605,673
1.23765E+18,100.5083228,0.464255791,17.03595,15.31208,14.65158,21.53497,14.30346,164,8.17197E+18,STAR,6.45E-05,7258,56605,672
1.23765E+18,100.5132127,0.521192881,19.26925,16.70125,15.37627,14.75687,14.31962,164,8.17197E+18,STAR,0.000140808,7258,56605,675
1.23765E+18,100.5995385,0.405575092,16.77748,15.27387,14.71788,14.81829,14.30419,165,8.17197E+18,STAR,8.91E-05,7258,56605,678
1.23765E+18,100.6088824,0.587416542,18.03065,15.71204,15.71425,16.08164,13.54783,165,8.17197E+18,STAR,1.23E-05,7258,56605,669
1.23765E+18,100.6983404,0.405686585,15.5118,13.40196,15.20846,12.71374,13.33558,165,8.17198E+18,STAR,6.69E-06,7258,56605,719
1.23765E+18,100.7230651,0.450309436,17.95054,15.78527,15.55663,14.30311,13.68287,165,8.17198E+18,STAR,8.78E-05,7258,56605,716
1.23765E+18,100.7316428,0.396400508,16.87758,15.94895,14.89436,11.84722,11.95651,165,8.17198E+18,STAR,6.26E-05,7258,56605,715
1.23765E+18,100.7765376,0.588992812,15.5205,12.27581,15.20984,12.2455,13.33307,166,8.17198E+18,STAR,-2.05E-05,7258,56605,714
1.23765E+18,100.8765011,0.496789108,14.22763,11.69617,14.56156,15.12409,13.12607,166,8.17199E+18,STAR,-6.58E-05,7258,56605,755
1.23765E+18,100.8963728,0.38152202,17.37839,15.43384,14.32164,16.49301,13.49704,167,8.17199E+18,STAR,-7.44E-05,7258,56605,760
1.23765E+18,100.9107228,0.589816433,14.83332,15.39574,15.1485,15.47842,13.12094,167,8.17199E+18,STAR,-5.54E-05,7258,56605,750
1.23765E+18,100.9258738,0.523377767,16.76641,14.54564,13.16397,12.61672,12.94064,167,8.17199E+18,STAR,0.000189822,7258,56605,753
1.23765E+18,100.9746951,0.505635919,18.87183,16.64862,15.41294,14.79364,14.35271,167,8.17199E+18,STAR,0.000293586,7258,56605,756
1.23765E+18,100.9811461,0.59011881,16.80868,15.52985,13.75638,13.3239,13.3805,167,8.17199E+18,STAR,6.37E-05,7258,56605,751
1.23765E+18,100.9827911,0.486808129,17.85889,15.38055,14.36942,14.06631,13.57455,167,8.17199E+18,STAR,0.000103843,7258,56605,758
1.23765E+18,100.9992638,0.423397598,16.56784,16.33005,15.37508,15.32601,13.11358,167,8.17199E+18,STAR,0.000342633,7258,56605,757
1.23765E+18,101.0234957,0.439671487,16.92677,16.08778,16.73203,15.64717,14.7067,167,8.172E+18,STAR,4.93E-05,7258,56605,799
1.23765E+18,101.175461,0.557238083,17.65579,15.28196,14.74041,17.5364,13.53611,168,8.172E+18,STAR,0.000105239,7258,56605,794
1.23765E+18,101.0428726,0.561803029,16.08845,15.48892,15.53531,15.50713,13.83176,168,8.172E+18,GALAXY,0.1288867,7258,56605,800
1.23765E+18,101.1779964,0.589439631,18.11485,16.52217,15.28679,17.13126,13.31715,168,8.172E+18,STAR,0.00039609,7258,56605,798
1.23765E+18,101.0927955,0.466743775,17.64809,15.64299,14.83597,16.07632,14.40837,168,8.172E+18,STAR,0.000119937,7258,56605,797
1.23765E+18,101.1243532,0.480037535,15.79744,14.76481,15.42387,14.11155,13.93404,168,8.172E+18,STAR,5.77E-05,7258,56605,795
1.23765E+18,101.5208251,0.468977121,15.6249,14.56811,14.01014,14.00982,13.84869,171,8.17202E+18,STAR,8.27E-05,7258,56605,876
1.23765E+18,101.553498,0.498432337,15.38662,12.59393,15.44899,16.42434,13.78285,171,8.17202E+18,STAR,4.50E-05,7258,56605,875
1.23765E+18,101.6499785,0.490096845,15.85963,14.83866,15.29324,13.71094,13.55505,172,8.17203E+18,STAR,9.83E-05,7258,56605,915
1.23765E+18,101.8483697,0.434443415,18.10072,16.48287,15.53084,14.96152,14.51102,173,8.17203E+18,STAR,0.0001359,7258,56605,918
1.23765E+18,101.9100736,0.47582381,14.90133,15.20489,15.48265,15.7495,13.37118,173,8.17205E+18,STAR,-1.46E-05,7258,56605,977
1.23765E+18,101.9416439,0.560980948,15.76684,14.54148,14.01913,13.90458,13.72712,174,8.17205E+18,STAR,-5.09E-05,7258,56605,976
1.23765E+18,101.9464912,0.459765832,16.23665,14.85771,14.28545,14.13367,13.96371,174,8.17205E+18,STAR,4.60E-05,7258,56605,980
1.23765E+18,101.9913264,0.405276548,16.67395,15.42257,16.86504,14.19445,14.37992,174,8.17205E+18,STAR,0.000133607,7258,56605,971
1.23765E+18,102.0166695,0.458705427,18.86538,16.47818,15.33066,14.83393,14.50236,174,8.17205E+18,STAR,0.000117495,7258,56605,969
1.23765E+18,102.0853228,0.5757636,16.14923,14.90123,14.37847,17.16581,13.96621,174,8.17205E+18,STAR,0.000127737,7258,56605,970
1.23765E+18,102.2075423,0.468042581,15.38644,15.44038,13.48919,13.36215,13.45798,175,8.17205E+18,STAR,1.92E-05,7258,56605,982
1.23765E+18,100.2035797,0.819965629,15.42976,12.90839,12.7678,12.79777,13.74283,162,8.17194E+18,STAR,-0.000110755,7258,56605,581
1.23765E+18,100.2883053,0.842961014,16.89735,15.34054,14.75419,14.45128,14.2262,162,8.17195E+18,STAR,-2.75E-06,7258,56605,621
1.23765E+18,100.5161384,0.986938745,17.32357,14.4076,12.54386,11.97452,11.84465,164,8.17196E+18,STAR,0.000262397,7258,56605,663
1.23765E+18,100.5481064,0.871296277,19.28862,16.88878,15.6196,15.03223,14.65618,164,8.17197E+18,STAR,0.000241973,7258,56605,670
1.23765E+18,100.5775388,0.98353601,17.41036,15.94985,14.55322,14.9819,14.71391,164,8.17196E+18,STAR,0.000474,7258,56605,662
1.23765E+18,100.5865977,0.917801534,16.7416,15.60451,16.49618,14.63282,14.38672,164,8.17196E+18,STAR,0.000171896,7258,56605,666
1.23765E+18,100.6346765,0.896531307,17.10013,15.42124,15.87082,14.6468,14.47865,165,8.17198E+18,STAR,8.58E-05,7258,56605,706
1.23765E+18,100.6799269,0.917354413,17.08649,16.26686,12.42589,11.97489,13.8744,165,8.17198E+18,STAR,0.000227041,7258,56605,705
1.23765E+18,100.8013391,0.853048607,16.49076,15.18313,14.61465,14.54413,14.3678,166,8.17197E+18,STAR,9.67E-05,7258,56605,703
1.23765E+18,100.8392463,0.86123958,17.14922,14.50674,12.80267,12.33258,13.69553,166,8.17198E+18,STAR,0.000206353,7258,56605,704
1.23765E+18,100.8850936,0.977439414,18.24422,16.2937,14.21063,14.84362,13.90272,166,8.17199E+18,STAR,0.000206406,7258,56605,743
1.23765E+18,100.9276007,0.85688468,16.60649,15.18706,15.55809,14.3789,14.28242,167,8.17199E+18,STAR,8.16E-06,7258,56605,744
1.23765E+18,100.9334941,0.938619924,17.00585,15.85537,15.12328,14.14083,12.02015,167,8.17199E+18,STAR,0.000210452,7258,56605,742
1.23765E+18,101.0007907,0.838491621,16.45713,13.03469,11.87573,11.51947,11.74678,167,8.17199E+18,STAR,4.80E-05,7258,56605,746
1.23765E+18,101.0532709,0.857437376,17.05618,15.59346,15.94641,14.60695,14.38923,168,8.172E+18,STAR,0.00023642,7258,56605,788
1.23765E+18,101.0866858,0.920576249,16.48662,16.51559,12.82587,15.13518,14.26592,168,8.172E+18,STAR,0.000136611,7258,56605,784
1.23765E+18,101.0794365,0.834836813,18.62137,16.21895,14.99955,14.43162,14.03488,168,8.172E+18,STAR,0.000198579,7258,56605,787
1.23765E+18,101.0943342,0.999610609,17.97859,15.96762,16.20336,14.22344,13.73208,168,8.172E+18,STAR,0.000284638,7258,56605,782
1.23765E+18,101.2269364,0.9311498,17.76315,15.70236,13.61485,14.50574,13.54961,169,8.17201E+18,STAR,0.000296004,7258,56605,825
1.23765E+18,101.259417,0.914224687,18.73403,16.31777,16.2157,14.32022,13.83862,169,8.17201E+18,STAR,6.78E-05,7258,56605,826
1.23765E+18,101.2961558,0.999041823,17.74339,15.83632,13.76373,13.21928,13.70234,169,8.17202E+18,STAR,0.000316058,7258,56605,863
1.23765E+18,101.297755,0.978475333,18.30011,16.39928,16.29603,15.13061,14.11489,169,8.17202E+18,STAR,1.64E-05,7258,56605,865
1.23765E+18,101.3057021,0.845800372,14.97046,12.958,12.58538,12.5726,13.31159,169,8.17201E+18,STAR,1.16E-05,7258,56605,828
1.23765E+18,101.3357816,0.888614289,16.47939,14.99397,13.98696,15.41708,13.70581,169,8.17202E+18,STAR,0.000155957,7258,56605,868
1.23765E+18,101.2389198,0.994978598,19.35255,16.86284,15.45628,14.73666,14.22962,169,8.17201E+18,STAR,0.000172426,7258,56605,824
1.23765E+18,101.3475714,0.810727438,16.78295,15.08749,15.52118,13.33623,13.18111,170,8.17202E+18,STAR,0.00017974,7258,56605,870
1.23765E+18,101.3554638,0.846973865,15.60598,14.97628,13.53735,15.6646,13.634,170,8.17202E+18,STAR,0.000237474,7258,56605,867
1.23765E+18,101.6648406,0.896847715,16.17565,15.043,14.67894,14.40544,14.25099,172,8.17203E+18,STAR,0.000149959,7258,56605,905
1.23765E+18,79.89269584,1.328188024,17.69596,16.55805,16.09452,15.91371,15.85574,26,8.17529E+18,STAR,1.32E-06,7261,56603,492
1.23765E+18,79.92843142,1.420409522,16.90407,15.74499,15.38161,15.24726,15.2006,26,8.17529E+18,STAR,0.000130626,7261,56603,487
1.23765E+18,80.11949021,1.319646897,19.04743,16.87117,15.78699,15.31259,14.93369,28,8.17529E+18,GALAXY,0.0877929,7261,56603,472
1.23765E+18,80.24191477,1.325713164,18.84373,17.72048,17.28839,16.99691,16.84802,29,8.17528E+18,GALAXY,0.05080637,7261,56603,429
1.23765E+18,80.42413554,1.424553415,16.61926,15.64471,15.23452,15.05718,14.98077,30,8.17527E+18,STAR,-0.000585802,7261,56603,390
1.23765E+18,80.84232912,1.31032354,18.55985,17.54101,17.15658,17.02263,16.91597,33,8.17525E+18,STAR,0.001161695,7261,56603,313
1.23765E+18,81.0875393,1.275481166,19.58661,18.57702,18.21222,18.01297,17.91696,34,8.17523E+18,STAR,0.000292265,7261,56603,262
1.23765E+18,81.24123012,1.341739051,19.04549,16.83736,15.97689,15.69523,15.54225,35,8.17523E+18,STAR,-0.000117271,7261,56603,263
1.23765E+18,81.2695307,1.347490185,18.19227,17.50395,16.2948,15.1496,14.34374,35,8.17522E+18,STAR,0.000184585,7261,56603,223
1.23765E+18,81.50152846,1.369517473,19.17474,17.36538,16.65999,16.40145,16.26561,37,8.17521E+18,STAR,-7.55E-06,7261,56603,182
1.23765E+18,93.73093352,1.263015008,17.33677,16.34635,16.19969,16.21041,16.1905,119,1.4176E+18,STAR,0.000227829,1259,52931,338
1.23765E+18,93.74268511,1.285124959,18.03653,16.37722,15.61594,15.33171,15.13681,119,1.4176E+18,STAR,-2.78E-05,1259,52931,324
1.23765E+18,93.84322371,1.326219247,18.11923,16.53765,16.26839,16.21648,16.11358,119,1.4176E+18,STAR,9.91E-05,1259,52931,340
1.23765E+18,93.84953697,1.362402054,17.04288,15.55558,15.34736,15.33453,15.26901,119,1.4176E+18,STAR,0.000168041,1259,52931,323
1.23765E+18,93.79730025,1.291446992,19.33385,17.75934,16.98825,16.66021,16.39917,119,1.4176E+18,STAR,0.000173922,1259,52931,336
1.23765E+18,93.88716395,1.305924483,16.52087,15.72976,15.52155,15.38462,15.43767,120,1.41762E+18,GALAXY,0,1259,52931,420
1.23765E+18,93.89775465,1.365041112,17.19201,15.63428,15.28793,15.08548,15.08758,120,1.4176E+18,STAR,0.000162734,1259,52931,351
1.23765E+18,93.89949909,1.407202043,17.52972,16.12791,15.89448,15.75382,15.75939,120,1.41761E+18,STAR,0.000188288,1259,52931,353
1.23765E+18,93.97250844,1.299208628,17.35151,15.87294,15.11672,14.76085,14.68706,120,1.4176E+18,STAR,7.33E-05,1259,52931,327
1.23765E+18,93.99799265,1.296084496,18.90365,17.3886,17.1086,16.93149,16.92322,120,1.4176E+18,STAR,0.000151349,1259,52931,348
1.23765E+18,93.93045538,1.349872832,19.21443,17.38277,16.1728,15.41221,15.02996,120,1.41761E+18,STAR,-4.94E-05,1259,52931,359
1.23765E+18,94.02870835,1.381364044,18.6198,16.83763,16.01165,15.67761,15.48659,121,1.4176E+18,STAR,-0.000182416,1259,52931,345
1.23765E+18,94.04443794,1.31246388,17.57671,16.08218,15.85972,15.81323,15.75961,121,1.41761E+18,STAR,0.000157733,1259,52931,355
1.23765E+18,94.07874973,1.26597742,17.16191,15.57382,15.18529,15.04627,14.98732,121,1.41761E+18,STAR,3.74E-05,1259,52931,369
1.23765E+18,94.09626831,1.27922903,18.63446,17.00677,16.63997,16.53359,16.45343,121,1.41761E+18,STAR,0.000123701,1259,52931,367
1.23765E+18,94.27687449,1.283559715,18.45468,17.09247,16.39724,16.31796,16.19844,122,1.4176E+18,STAR,0.000241744,1259,52931,349
1.23765E+18,94.30631092,1.272830317,18.8491,17.09299,16.27783,15.94397,15.72985,122,1.41761E+18,STAR,5.84E-05,1259,52931,364
1.23765E+18,94.33355328,1.406136899,18.63945,17.15341,16.73849,16.55766,16.44927,123,1.4176E+18,STAR,8.59E-05,1259,52931,344
1.23765E+18,94.32123769,1.385887634,17.29658,15.79644,15.4267,15.28705,15.22184,123,1.4176E+18,STAR,0.00010763,1259,52931,346
1.23765E+18,94.33952428,1.359551351,16.45487,15.41446,15.30523,15.30373,15.31077,123,1.41761E+18,STAR,0.000164221,1259,52931,357
1.23765E+18,94.34086071,1.301698999,18.18623,16.65819,16.35208,16.23272,16.17879,123,1.4176E+18,STAR,0.000104421,1259,52931,341
1.23765E+18,94.36828003,1.362286284,17.13209,15.66285,15.28057,15.14163,15.09227,123,1.41761E+18,STAR,0.000137721,1259,52931,354
1.23765E+18,94.36169855,1.328575208,18.92754,17.41997,17.20492,17.12405,17.07906,123,1.4176E+18,STAR,0.000244573,1259,52931,342
1.23765E+18,94.38744315,1.376868795,18.81245,17.24694,16.83948,16.64682,16.54517,123,1.4176E+18,STAR,0.000148234,1259,52931,347
1.23765E+18,94.39751854,1.392579597,18.89091,17.35112,16.97392,16.79722,16.71373,123,1.41762E+18,STAR,0.000193492,1259,52931,391
1.23765E+18,94.40864625,1.362105848,18.97211,17.45599,17.12911,16.98712,16.92596,123,1.41762E+18,STAR,0.000100625,1259,52931,398
1.23765E+18,94.42456579,1.418851279,18.56812,17.05514,16.76553,16.65936,16.60282,123,1.41761E+18,STAR,0.000134156,1259,52931,388
1.23765E+18,94.43450995,1.354024916,18.75201,17.30795,16.63718,16.32817,16.18912,123,1.41762E+18,STAR,0.000183077,1259,52931,400
1.23765E+18,94.44923806,1.257349115,18.39314,16.86475,16.4813,16.33212,16.23079,123,1.41761E+18,STAR,0.000136647,1259,52931,363
1.23765E+18,94.46162198,1.274025235,18.28359,16.0446,15.00987,14.6009,14.35472,124,1.41762E+18,STAR,0.000141085,1259,52931,399
